{"period_x": [1, 2, 3, 4, 5, 6, 7, 8, 9, 10, 11, 12, 13, 14, 15, 16, 17, 18, 19, 20, 21, 22, 23, 24, 25, 26, 27, 28, 29, 30, 31, 32, 33, 34, 35, 36, 37, 38, 39, 40, 41, 42, 43, 44, 45, 46, 47, 48, 49, 50, 51, 52, 53, 54, 55, 56, 57, 58, 59, 60, 61, 62, 63, 64, 65, 66, 67, 68, 69, 70, 71, 72, 73, 74, 75, 76, 77, 78, 79, 80, 81, 82, 83, 84, 85, 86, 87, 88, 89, 90, 91, 92, 93, 94, 95, 96, 97, 98, 99, 100, 101, 102, 103, 104, 105, 106, 107, 108, 109, 110, 111, 112, 113, 114, 115, 116, 117, 118, 119, 120, 121, 122, 123, 124, 125, 126, 127, 128, 129, 130, 131, 132, 133, 134, 135, 136, 137, 138, 139, 140, 141, 142, 143, 144, 145, 146, 147, 148, 149, 150, 151, 152, 153, 154, 155, 156, 157, 158, 159, 160, 161, 162, 163, 164, 165, 166, 167, 168, 169, 170, 171, 172, 173, 174, 175, 176, 177, 178, 179, 180, 181, 182, 183, 184, 185, 186, 187, 188, 189, 190, 191, 192, 193, 194, 195, 196, 197, 198, 199, 200, 201, 202, 203, 204, 205, 206, 207, 208, 209, 210, 211, 212, 213, 214, 215, 216, 217, 218, 219, 220, 221, 222, 223, 224, 225, 226, 227, 228, 229, 230, 231, 232, 233, 234, 235, 236, 237, 238, 239, 240, 241, 242, 243, 244, 245, 246, 247, 248, 249, 250, 251, 252, 253, 254, 255, 256, 257, 258, 259, 260, 261, 262, 263, 264, 265, 266, 267, 268, 269, 270, 271, 272, 273, 274, 275, 276, 277, 278, 279, 280, 281, 282, 283, 284, 285, 286, 287, 288, 289, 290, 291, 292, 293, 294, 295, 296, 297, 298, 299], "cash_y": [10000.0, 10000.0, 10000.0, 10000.0, 10000.0, 440.9797047018817, -65630.30798731638, -68136.59455905682, -70796.75198424116, -71834.66440619664, -68855.76695186296, -69418.0596724216, -68788.0679039486, -69234.87500682344, -65544.88644837477, -69134.31726988564, -69366.30241927816, -66799.72726699623, -67738.62093450317, -68186.31885659663, -67841.71520327638, -67652.3337440044, -67861.29378376849, -67584.30117603698, -52046.165647793954, -62967.36050298923, -63766.9062141281, -72815.90164633493, -72818.51390265228, -69850.90845042985, -66114.81191793922, -66935.90259162369, -67261.83385735951, -65836.66566000722, -65726.46939235674, -67407.20088632088, -65057.245139450555, -64902.96445549979, -64682.20965437206, -68358.85843611453, -68052.91711238385, -68695.52999246863, -72142.18944375467, -71902.41105032168, -71868.0453779738, -71835.82547888407, -71512.31640011718, -71616.5957806702, -71507.68594506243, -71005.67865153484, -71901.80974080427, -72129.3378126556, -71579.68437399372, -71180.49428220844, -70168.87992128829, -67455.78931357893, -72751.02480145295, -67989.46571637738, -68817.03895886675, -72536.62648998825, -68789.88649609529, -69134.85259625354, -69595.0746798663, -71184.24341278426, -70898.34266599418, -71571.38024873541, -73480.02999409691, -73161.87055136131, -72868.05836024668, -72538.75629636183, -72256.67808043672, -71480.25312974864, -71254.61121869463, -71092.25144830951, -70910.01296851602, -67942.76609605653, -67514.3773649321, -67428.69938218512, -66713.6145975384, -65940.45529325482, -65646.46844262768, -64152.63343336412, -65317.61365178693, -64094.91286446293, -63814.58005399571, -63367.918361536336, -50591.553428950094, -49838.20991741336, -63477.19218965067, -48560.26628438285, -49199.04995561953, -49688.64936967153, -49063.01289423273, -48848.81819538644, -48273.02835273682, -64023.25175044059, -63997.73555134404, -63874.939911765345, -68108.57219091315, -68053.36860962454, -67964.94216786843, -68001.57286291428, -67924.92708819584, -64992.87366231688, -64751.17807146114, -64467.17856355799, -64109.52551071264, -64082.72295230215, -65123.70737929696, -65020.143434143174, -65008.667614847094, -64864.30221009115, -64757.03690461726, -65007.90092033656, -67695.63812598558, -64815.94340724278, -64808.11549931682, -64178.00303198925, -63943.72278792031, -63937.25938783304, -64061.25361708894, -64061.99675521283, -64032.04767639038, -64431.89578038692, -64001.4228585957, -64338.31149831454, -64280.31633662887, -64332.005040980126, -64368.60754397139, -64302.1380930827, -64177.20021125539, -63341.20460646585, -63192.9935319307, -62986.3931886269, -62815.46340477321, -62683.93310259264, -62501.636270214134, -62432.39881155817, -63896.42570952553, -68235.5594759756, -68972.1718571154, -68903.38915136064, -68834.48362621895, -70296.2894207973, -70258.83423224463, -70902.34045304613, -71245.81970414285, -71291.32493035906, -71429.16689678207, -71429.6863258686, -71032.32246076115, -71037.30697304127, -71044.26081192416, -70237.04555596187, -70628.9022504744, -70593.35925734285, -71334.38516729207, -71299.16251709947, -71249.1398575339, -71201.7439144064, -70366.06967546538, -70320.8521990352, -70270.1256515528, -70227.23842398022, -70180.98546599528, -70135.36619632682, -70085.83088229556, -70029.36745091515, -69974.82400816208, -69920.2505410334, -69870.62145125084, -69823.92750944763, -69808.03104926512, -69753.1884346717, -69693.50659390849, -69637.54857863944, -69585.32871068019, -69536.99946387397, -69482.97173725, -69408.97388039323, -69362.99434496414, -69309.72696608298, -69277.3933131785, -69367.05823306685, -69208.86008679584, -69157.4287501712, -69100.36579949866, -69045.48679253491, -68975.72377632315, -45568.87436572247, -45460.51163352007, -45332.25381280566, -45202.61919692581, -45067.06112226978, -44964.17868159231, -44859.0198073094, -44760.950761634245, -45542.85941724823, -45426.27589370162, -45535.99008499544, -45428.82106666681, -45315.30484118874, -45193.344269270725, -45104.55521687541, -43347.62335702695, -45206.84695947563, -45955.60749858351, -45867.875439570555, -46945.046559328795, -45119.95790665055, -45091.08650294924, -45062.57917269599, -45037.35284511695, -46637.94781298299, -46583.782760822054, -46480.05650679552, -44784.9588519957, -44751.441827600705, -44721.55605823424, -44330.635582910334, -44402.49894247338, -44279.021830429876, -69663.07821289926, -69608.6853708949, -69557.75669687688, -70905.78281709811, -70879.3028586716, -70852.4640562306, -70827.0080794205, -70801.52371243942, -70776.32421070704, -70750.53937277505, -70724.7335382962, -70694.51521605405, -70669.75038410617, -70645.45486777871, -70621.50133050322, -70591.09431563997, -70563.28397720956, -70534.2905298309, -70506.87378839849, -70480.01230058313, -70451.91718199561, -70416.62290256619, -70386.76249053377, -70358.73628723639, -70331.69086625516, -70308.2229556299, -70284.66749526912, -70258.85060343002, -70235.76011871171, -70211.39742190644, -70188.55464912625, -70166.23073079782, -70146.0032459351, -70112.52677678547, -70094.259502109, -70077.11376441286, -70060.02781957683, -70043.11522976689, -70026.61285631708, -70009.94706175654, -69993.49737132752, -69977.44225555434, -69961.46117235646, -69945.67166005915, -69912.37514495151, -69896.1536852927, -69879.93377881708, -69862.98757104154, -69847.07641929633, -69830.6377759834, -69814.12699719159, -69797.45255924099, -69780.67169697145, -69764.11221833416, -69748.37429936918, -69732.27192407151, -69715.82914760188, -69699.19786830657, -69603.9543155526, -69588.5578202284, -69572.67228122486, -69556.6345911618, -69541.72305879806, -69526.75334176817, -69510.88572515929, -69494.250005554, -69477.68602940164, -69464.55002563214, -69452.04417583343, -69439.13925722301, -69425.94045933448, -69413.30734360794, -69399.72938826642, -69387.67396978858, -69374.46804974259, -69358.80380733217, -69343.78250289497]}