{"period_x": [1, 2, 3, 4, 5, 6, 7, 8, 9, 10, 11, 12, 13, 14, 15, 16, 17, 18, 19, 20, 21, 22, 23, 24, 25, 26, 27, 28, 29, 30, 31, 32, 33, 34, 35, 36, 37, 38, 39, 40, 41, 42, 43, 44, 45, 46, 47, 48, 49, 50, 51, 52, 53, 54, 55, 56, 57, 58, 59, 60, 61, 62, 63, 64, 65, 66, 67, 68, 69, 70, 71, 72, 73, 74, 75, 76, 77, 78, 79, 80, 81, 82, 83, 84, 85, 86, 87, 88, 89, 90, 91, 92, 93, 94, 95, 96, 97, 98, 99, 100, 101, 102, 103, 104, 105, 106, 107, 108, 109, 110, 111, 112, 113, 114, 115, 116, 117, 118, 119, 120, 121, 122, 123, 124, 125, 126, 127, 128, 129, 130, 131, 132, 133, 134, 135, 136, 137, 138, 139, 140, 141, 142, 143, 144, 145, 146, 147, 148, 149, 150, 151, 152, 153, 154, 155, 156, 157, 158, 159, 160, 161, 162, 163, 164, 165, 166, 167, 168, 169, 170, 171, 172, 173, 174, 175, 176, 177, 178, 179, 180, 181, 182, 183, 184, 185, 186, 187, 188, 189, 190, 191, 192, 193, 194, 195, 196, 197, 198, 199, 200, 201, 202, 203, 204, 205, 206, 207, 208, 209, 210, 211, 212, 213, 214, 215, 216, 217, 218, 219, 220, 221, 222, 223, 224, 225, 226, 227, 228, 229, 230, 231, 232, 233, 234, 235, 236, 237, 238, 239, 240, 241, 242, 243, 244, 245, 246, 247, 248, 249, 250, 251, 252, 253, 254, 255, 256, 257, 258, 259, 260, 261, 262, 263, 264, 265, 266, 267, 268, 269, 270, 271, 272, 273, 274, 275, 276, 277, 278, 279, 280, 281, 282, 283, 284, 285, 286, 287, 288, 289, 290, 291, 292, 293, 294, 295, 296, 297, 298, 299], "cash_y": [10000.0, 10000.0, 10000.0, 10000.0, 10000.0, 11157.375748317789, 12152.255783144083, 10966.83485836393, 10105.35381504622, 9853.981572981505, 10528.454507805418, 10661.46746870573, 10146.00831168404, 10390.883441334718, 10308.908305726593, 10501.853663211168, 11398.783539082518, 10586.109457729826, 10733.238706994629, 10255.07844111425, 10254.160201895138, 10097.867440534024, 9637.826172657382, 9912.85483604126, 9837.51394767326, 9684.500869715732, 9351.634278528627, 9542.390789556104, 9733.030591695759, 10295.364163312825, 10439.387382713905, 10404.58995196715, 10364.512718842177, 10224.169903761387, 10333.019703688637, 10399.568093508882, 10014.356271268338, 10324.818833007655, 9845.658645685677, 9745.244539030253, 9636.158824194688, 10242.488964062632, 10298.420356764109, 10217.364084608438, 10950.433848376751, 10819.248049946209, 10771.421878039288, 10616.574144215296, 10429.59937023474, 10601.273767258348, 10400.59815226622, 10091.700041489574, 9911.106618754773, 9965.901065091093, 9336.73577748211, 9648.358023903631, 9530.022109201269, 9490.529571478182, 9617.830537985428, 9145.071930852368, 9310.719076701898, 9342.96053142574, 9792.61387464342, 9860.438643768293, 9896.822451977781, 10165.192272136703, 10359.949791280571, 10408.34148291382, 10392.54482939763, 9834.475233724728, 9784.997854947813, 9672.493459223853, 9717.508379665866, 9748.96762069294, 9566.113834420486, 9550.153120470053, 9740.013342162512, 9857.726089288291, 10000.517786371045, 9944.226931083367, 10074.486527984067, 10020.719584803908, 10145.244702776869, 10178.437766313064, 10724.943661916785, 10823.666047384617, 10851.992246614525, 10896.214481475008, 10569.775619095182, 10639.877931036879, 10713.73108509116, 10715.072707866075, 11489.854659706725, 11488.87289326931, 11243.943410644357, 11268.594808276473, 11316.767471714338, 11332.04791218104, 11379.243500105005, 11202.037686199239, 11356.636811636065, 11256.66848383774, 11443.579869868368, 11678.25443926559, 11695.988788192972, 11708.824088988762, 10956.371944124363, 10993.945770322256, 10940.527035854764, 10914.777727699044, 10909.86001735038, 11245.93894532612, 11251.180846874895, 11269.352512856298, 11274.349276347539, 11295.230063488953, 11322.018499900683, 11232.562417341453, 11325.251465531355, 11159.958274319966, 11306.508404701572, 11310.877551694577, 11272.136632550153, 11273.382429182295, 11271.744204978751, 11281.435106001916, 11288.83977815036, 11106.797587445932, 11009.082519464844, 11028.360878364203, 11316.221321342897, 11394.608418864262, 11396.927558730373, 11398.66817877715, 11275.579120061977, 11229.429185146839, 11218.740144227244, 11235.153356051504, 11166.451230870194, 11102.736812544079, 10900.512155884093, 10843.059036901432, 10857.384501142711, 10852.858504080055, 10866.137134059894, 10878.824187828382, 10892.115257171268, 10895.121845057114, 11013.468021518367, 11004.435743319964, 11023.10064822151, 11031.792672154697, 11040.994911424246, 11047.585332073779, 11047.08065686845, 11044.577234346607, 11057.446876354976, 11039.80477334303, 11056.71741468663, 11061.832475617613, 11095.821587706168, 11098.665602839026, 11107.73189642676, 11008.609281636362, 11009.733431300558, 10939.196808255563, 10578.635095175372, 10585.7458159892, 10652.852862053263, 10671.891573833162, 10671.766503957975, 10699.526556355482, 10704.651762533753, 10264.02069221907, 10239.174376457577, 10253.528665304675, 10267.348901652218, 10281.559001505415, 10299.413698023282, 10001.541069915485, 10014.018857274159, 9863.402199211161, 9870.531263052255, 9886.513422549364, 9900.3839302986, 9914.430110357343, 9884.678147866694, 9790.263987865028, 9799.631149880586, 9810.264664275019, 9817.678617511592, 9826.227260147627, 9844.481540782217, 9778.419270285045, 9781.938343662923, 9786.064656478444, 9791.31013566456, 9796.156033462748, 9799.026370423098, 9807.147421719847, 9814.340554633918, 9819.04849241045, 9410.254700075058, 9412.047761421174, 9413.494856050716, 9411.463534389843, 9413.999349728781, 9415.761771066396, 9417.473561717177, 9419.344130816931, 9421.396114215917, 9342.393747364547, 9342.816471119708, 9333.322957426068, 9170.280868535994, 9171.42315138196, 9262.401656936709, 9195.256075507434, 9195.37264700449, 9196.307613002613, 9197.5711926151, 9200.022584496224, 9202.71380391295, 9257.990248865186, 9259.880929142962, 9262.260672753924, 9265.572302081366, 9281.473246818527, 9282.207626871388, 9273.087160779598, 9273.53164021373, 9274.633408948002, 9276.166430414407, 9278.19285987583, 9280.398844972831, 9281.196614395267, 9281.817786121455, 9282.403541841557, 9282.902607845528, 9284.515503759223, 9306.418078878834, 9309.163140265237, 9312.446782753292, 9315.677195068307, 9316.79217204494, 9318.489305113062, 9320.336914821506, 9322.193017559388, 9284.782035666967, 9290.635603429635, 9295.894375288486, 9299.382908152951, 9305.279972823635, 9310.70412466398, 9316.16078325709, 9322.26858424464, 9328.558159699704, 9334.737763734069, 9340.801701004857, 8993.364192244877, 8999.135737654551, 9004.418272198232, 9010.317007939377, 9025.936117529256, 9021.944282311008, 9026.889177468694, 9032.080279282907, 9037.747688886539, 9043.698461185528, 9049.302388664823, 9072.937902065505, 9070.44692588716, 9074.649485753129, 9085.366755350755, 9089.319943248129, 9096.464272714595, 9102.701163815493, 9109.221384678587, 9117.455580983931, 9121.882528914351, 9136.769087418174, 9143.818586575671, 9174.999647857363, 9179.452842904882, 9161.264635077217, 9164.704752235313, 9160.671611287142, 9165.650793983914, 9172.152341755933, 9176.744683189956, 9184.805714613787, 9190.534466308152, 9196.678064757823, 9174.31614778648, 9180.729422360899, 9186.18785324307, 9191.524006181538, 9187.492442470842, 9200.484721172677]}