{"period_x": [1, 2, 3, 4, 5, 6, 7, 8, 9, 10, 11, 12, 13, 14, 15, 16, 17, 18, 19, 20, 21, 22, 23, 24, 25, 26, 27, 28, 29, 30, 31, 32, 33, 34, 35, 36, 37, 38, 39, 40, 41, 42, 43, 44, 45, 46, 47, 48, 49, 50, 51, 52, 53, 54, 55, 56, 57, 58, 59, 60, 61, 62, 63, 64, 65, 66, 67, 68, 69, 70, 71, 72, 73, 74, 75, 76, 77, 78, 79, 80, 81, 82, 83, 84, 85, 86, 87, 88, 89, 90, 91, 92, 93, 94, 95, 96, 97, 98, 99, 100, 101, 102, 103, 104, 105, 106, 107, 108, 109, 110, 111, 112, 113, 114, 115, 116, 117, 118, 119, 120, 121, 122, 123, 124, 125, 126, 127, 128, 129, 130, 131, 132, 133, 134, 135, 136, 137, 138, 139, 140, 141, 142, 143, 144, 145, 146, 147, 148, 149, 150, 151, 152, 153, 154, 155, 156, 157, 158, 159, 160, 161, 162, 163, 164, 165, 166, 167, 168, 169, 170, 171, 172, 173, 174, 175, 176, 177, 178, 179, 180, 181, 182, 183, 184, 185, 186, 187, 188, 189, 190, 191, 192, 193, 194, 195, 196, 197, 198, 199, 200, 201, 202, 203, 204, 205, 206, 207, 208, 209, 210, 211, 212, 213, 214, 215, 216, 217, 218, 219, 220, 221, 222, 223, 224, 225, 226, 227, 228, 229, 230, 231, 232, 233, 234, 235, 236, 237, 238, 239, 240, 241, 242, 243, 244, 245, 246, 247, 248, 249, 250, 251, 252, 253, 254, 255, 256, 257, 258, 259, 260, 261, 262, 263, 264, 265, 266, 267, 268, 269, 270, 271, 272, 273, 274, 275, 276, 277, 278, 279, 280, 281, 282, 283, 284, 285, 286, 287, 288, 289, 290, 291, 292, 293, 294, 295, 296, 297, 298, 299], "cash_y": [10000.0, 10000.0, 10000.0, 10000.0, 10000.0, 9749.37112501529, 9652.970529534643, 9578.542885724186, 9429.843389901267, 9558.64222109579, 9629.358514964364, 9190.687468597667, 9072.947372642542, 9349.813266377536, 9344.66799547209, 9363.554365242937, 9671.269242874485, 9662.382023788326, 9428.540087620484, 9478.596327699779, 9412.335690054955, 9253.849547941656, 9198.467287496867, 9122.694460799363, 9483.090439336578, 9389.779405245099, 9491.144871436769, 9598.993894644747, 9919.133011318887, 10008.393374992924, 10058.927739913182, 9893.392812396945, 9661.334002283369, 9529.037114553825, 9519.713647621371, 9610.531144722618, 9769.77826524886, 9693.736191472926, 9657.332944202237, 9692.76700240789, 9635.705192268026, 9611.620073044964, 9654.71636036297, 9635.965231701852, 9826.854935048275, 9945.965832834394, 10036.605855008806, 10124.851605876822, 10229.485652201161, 10076.633560408372, 10065.944324748525, 10103.620959491447, 10005.447870304863, 9913.264882905583, 10014.204805424179, 10084.975949336553, 10013.559208859228, 10046.394525495556, 10033.936307439837, 9873.716970786678, 9833.35269098982, 9940.318551544444, 9969.720828483383, 9945.64351373701, 9944.261309444828, 9978.603353461502, 9939.995612129193, 10052.852142297588, 10029.038211225998, 9932.876228605166, 9875.467051167801, 9955.279235661894, 9997.621077533237, 10017.53189759816, 10041.21860785957, 10006.701514189686, 10033.44128025797, 10065.298136094694, 10121.21201646145, 10248.043693336533, 10229.185503553981, 10278.176674983888, 10295.579829702543, 10392.682156931156, 10223.302271723256, 10192.085181891129, 10209.943236597404, 10232.946911881507, 10150.139098010935, 10194.623093611577, 10207.307789881232, 10222.640704464453, 10205.106875463385, 10288.213015095433, 10333.590416675139, 10375.3633161162, 10237.826688047457, 10280.396714012395, 10237.464676809428, 10258.414449914075, 10310.921212921236, 10695.533405681348, 10595.29278557374, 10679.934419319005, 10585.355515694928, 10527.720632116128, 10429.2543044262, 10444.705596571905, 10445.191511264678, 10345.89413794018, 10353.849748578872, 10028.578371905474, 10032.738984813928, 10045.174424608405, 9906.28168392591, 9806.230092780143, 9825.681473090002, 9851.78568069019, 9865.776537174475, 9903.5866253992, 9838.287371809462, 9849.127706858219, 9856.768026923664, 9855.378037649672, 9985.997718365614, 9916.946509698884, 9904.28736035119, 9892.15532391393, 9902.130919813588, 9902.07206734013, 9930.754686372275, 10001.540576340025, 10004.073154836671, 10340.598711100132, 10216.436771827564, 10207.554925535696, 10213.292309837385, 10227.063017707134, 10259.965665114185, 10258.00608522739, 9958.15389629069, 9939.041804575658, 9958.379568988872, 9838.74474573401, 9845.848443982573, 9837.180126521078, 9845.138629652576, 9853.016296868478, 10238.926694380049, 10164.676560287673, 10167.781146174577, 10182.454786616865, 10195.132710781781, 10157.853390003702, 10102.02297151316, 10131.604065758323, 10137.727923255905, 10147.914477135786, 10040.318541621433, 10041.848050823875, 10078.51116941115, 10086.354709726025, 10099.687483202675, 10102.731093962106, 10114.411626663494, 10081.893264459386, 10083.541999369125, 10072.290908387376, 10086.73221251153, 10084.2671312161, 10087.420367181416, 10066.973591264286, 9852.084850431704, 9851.992181223797, 9751.906064601746, 9754.856717365556, 9756.808001569018, 9876.343480764821, 9763.162496315741, 9760.71277823258, 9763.617267915486, 9890.031480042673, 9892.49662128611, 10011.37038281354, 10016.733733855595, 10020.93949488932, 10030.687756714973, 10033.078170873112, 10036.688746799804, 10038.823253818298, 10041.184704287421, 10043.870016373, 9894.346025238634, 9897.466253914226, 9902.241637928306, 9775.53431360099, 9765.961072179025, 9780.575548896657, 9784.177810677753, 9806.7815471486, 9809.749010319532, 9813.683222067875, 9817.540991448435, 9820.817531616445, 9823.964813594675, 9826.353450241286, 9827.737631651162, 9827.93846016456, 9711.809610368415, 9713.165590840366, 9714.564686040498, 9716.03818455536, 9727.264589164795, 9729.048309773218, 9730.51614192076, 9731.915102795032, 9733.149581611826, 9734.406498282353, 9735.388931285786, 9723.17283083614, 9724.954971356794, 9723.456314751582, 9725.292992008664, 9726.063894468145, 9727.586805040133, 9729.33264090316, 9731.16958524601, 9732.050436440015, 9733.771100790584, 9743.220156651552, 9744.935482336508, 9746.841857725416, 9747.69132849372, 9750.24946978024, 9730.223683120892, 9747.9283272801, 9751.208179922483, 9756.616133301246, 9759.92971673249, 9762.56284055218, 9761.624457052341, 9764.06219022739, 9766.083849572695, 9768.706991254288, 9773.035759864077, 9778.455512889479, 9781.781403976114, 9784.606554895334, 9786.471220603253, 9780.585208163031, 9768.638101038729, 9769.719807782492, 9775.459088792244, 9788.571468160191, 9791.247375883268, 9794.082892819113, 9796.215326856056, 9795.75638034261, 9800.886043329914, 9801.985214244602, 9810.949711686912, 9819.501529405383, 9724.7211062993, 9725.997024248414, 9727.370800412262, 9728.422939527205, 9729.815716741517, 9753.042153168979, 9758.690249060088, 9762.883059706935, 9789.946297336826, 9798.528518875171, 9806.045045379045, 9810.402333397318, 9819.365707971469, 9822.551309015063, 9537.016517982978, 9545.66234573254, 9550.180245526399, 9554.405520181585, 9558.01176102196, 9561.224439815474, 9566.144540185069, 9569.456617898235, 9588.593676825052, 9591.458056050964, 9596.229044304386, 9598.757316945826, 9601.321830486597, 9604.023475643968, 9609.182786243657, 9630.80854638763, 9633.216552680311, 9636.343500657695, 9639.394043242946, 9642.110490714638, 9658.538028842977, 9657.65489351113, 9687.30238414205]}