{"period_x": [1, 2, 3, 4, 5, 6, 7, 8, 9, 10, 11, 12, 13, 14, 15, 16, 17, 18, 19, 20, 21, 22, 23, 24, 25, 26, 27, 28, 29, 30, 31, 32, 33, 34, 35, 36, 37, 38, 39, 40, 41, 42, 43, 44, 45, 46, 47, 48, 49, 50, 51, 52, 53, 54, 55, 56, 57, 58, 59, 60, 61, 62, 63, 64, 65, 66, 67, 68, 69, 70, 71, 72, 73, 74, 75, 76, 77, 78, 79, 80, 81, 82, 83, 84, 85, 86, 87, 88, 89, 90, 91, 92, 93, 94, 95, 96, 97, 98, 99, 100, 101, 102, 103, 104, 105, 106, 107, 108, 109, 110, 111, 112, 113, 114, 115, 116, 117, 118, 119, 120, 121, 122, 123, 124, 125, 126, 127, 128, 129, 130, 131, 132, 133, 134, 135, 136, 137, 138, 139, 140, 141, 142, 143, 144, 145, 146, 147, 148, 149, 150, 151, 152, 153, 154, 155, 156, 157, 158, 159, 160, 161, 162, 163, 164, 165, 166, 167, 168, 169, 170, 171, 172, 173, 174, 175, 176, 177, 178, 179, 180, 181, 182, 183, 184, 185, 186, 187, 188, 189, 190, 191, 192, 193, 194, 195, 196, 197, 198, 199], "cash_y": [10000.0, 10000.0, 10000.0, -65203.53588196062, -66664.87391153659, -69626.23793247138, -68363.47208096411, -62121.45207266191, -70141.32331046392, -73838.15709661179, -73035.93671038534, -73788.79061177371, -67930.26846979941, -63089.161335058736, -65455.80329240131, -52375.01887376019, -62067.81091554188, -65598.65075350506, -65625.54834482753, -65893.38432753034, -65372.188070420234, -65774.42459718225, -65792.20762802634, -64134.44698929905, -63910.44571623506, -62935.90349802853, -63868.86650439416, -67612.45696567025, -69826.87890364922, -67578.07089208718, -64285.62883083231, -73365.31819021684, -65576.19490285222, -64561.75969633472, -73230.0339798474, -73249.60005162613, -73102.8029284306, -70974.21568418857, -62311.24774341131, -62775.96868073539, -62419.735098847326, -62447.62868720926, -71244.19694734729, -70887.14638414502, -62494.559111343486, -50863.62020663578, -72677.52179263155, -71982.23832574944, -71949.00082564629, -72674.0695760008, -72250.58602192166, -72447.63989926002, -72107.35032249692, -72033.41148312058, -71950.04222757851, -64945.62163036376, -70835.09860190097, -64705.365552150106, -64230.12351274192, -71596.66710248732, -64980.984140760906, -64726.37674301345, -71026.32090246052, -68204.58816776946, -67975.18021113302, -67720.18293752408, -67729.11112593471, -67437.16319433635, -67318.46395184343, -66978.69475200117, -68322.07123722318, -69524.1332585206, -69163.4408039637, -69715.18331006075, -69402.47182345098, -68918.37796530628, -67543.50912406517, -68038.47519410722, -67454.12168335424, -67430.86968266862, -65052.13110630172, -66891.17716193962, -66807.54860357757, -64930.91405733487, -67128.74773623889, -63939.637902929855, -63756.405841573316, -41055.09039475756, -40915.9254816144, 55846.80569289237, 52906.00898287851, -64574.83342433537, -64559.204968212325, -64409.14148191997, -64375.579949378116, -64217.11997725733, -59494.4483283251, -59463.75926851967, -68000.21839548166, -67808.97254159141, -67559.64667662005, -67478.1564897882, -65050.68491787451, 18848.193994236186, 18830.540902078465, 21007.899807417125, 46388.3324477181, 46572.27619684291, 41258.99489767008, 41360.7548082243, 41519.58041059598, 40863.38815263409, 44727.110243921765, -61801.17529506681, -61863.92238527549, -61805.82076315255, -61723.74806107592, -64700.616525629375, -64615.80102247523, -64473.13227992969, -64544.153903297265, -68558.67032552381, -68549.39474091642, -68464.01453090948, -68397.54209402263, -68617.3856971122, -68551.09650306845, -69308.02611933427, -69352.32660970597, -69293.4581370751, -69764.23081463513, -69763.31358729757, -69706.44845828816, -69698.47281021363, -69668.43507651897, -71867.66346817168, -72001.55084127445, -71748.6583646099, -71967.18410900694, -71716.38846613752, -71736.74160424281, -71327.77921212329, -71568.02331143091, -71274.69570921459, -71264.407685246, -71254.89138596377, -71454.72627222106, -71954.05216271449, -71882.82944731592, -71889.50175556491, -71822.43269552212, -71895.39901149449, -71835.67544945196, -71786.82788636732, -71663.58145500589, -71614.94450428177, -71565.27652581234, -71523.06405843054, -71550.74721437936, -71536.65500360825, -71595.01697380583, -71547.52565656588, -71495.18751172167, -71448.43795529098, -71400.14779147605, -71344.77516738581, -71284.43275233945, -60553.149972489744, -60477.354838444975, -60400.196127749165, -71003.12906336783, -70945.90803560035, -70781.37930987937, -70726.56018039578, -70668.8003365006, -70618.5626808416, -70571.9118474857, -70387.71339528119, -70337.74846707066, -70350.44388792521, -70302.04870062463, -70251.7193956668, -70182.30277372253, -70283.108241521, -70165.34353437836, -70121.98226999152, -70073.23475362587, -70003.11086080574, -69939.4485409587, -69822.14923531705, -69758.79154547863, -69680.76510727001, -69604.55043456233, -69476.16200083331, -69415.35385500432, -69339.50697947726, -69300.06333550301, -69242.05499268413, -69180.84185181819]}