{"period_x": [1, 2, 3, 4, 5, 6, 7, 8, 9, 10, 11, 12, 13, 14, 15, 16, 17, 18, 19, 20, 21, 22, 23, 24, 25, 26, 27, 28, 29, 30, 31, 32, 33, 34, 35, 36, 37, 38, 39, 40, 41, 42, 43, 44, 45, 46, 47, 48, 49, 50, 51, 52, 53, 54, 55, 56, 57, 58, 59, 60, 61, 62, 63, 64, 65, 66, 67, 68, 69, 70, 71, 72, 73, 74, 75, 76, 77, 78, 79, 80, 81, 82, 83, 84, 85, 86, 87, 88, 89, 90, 91, 92, 93, 94, 95, 96, 97, 98, 99, 100, 101, 102, 103, 104, 105, 106, 107, 108, 109, 110, 111, 112, 113, 114, 115, 116, 117, 118, 119, 120, 121, 122, 123, 124, 125, 126, 127, 128, 129, 130, 131, 132, 133, 134, 135, 136, 137, 138, 139, 140, 141, 142, 143, 144, 145, 146, 147, 148, 149, 150, 151, 152, 153, 154, 155, 156, 157, 158, 159, 160, 161, 162, 163, 164, 165, 166, 167, 168, 169, 170, 171, 172, 173, 174, 175, 176, 177, 178, 179, 180, 181, 182, 183, 184, 185, 186, 187, 188, 189, 190, 191, 192, 193, 194, 195, 196, 197, 198, 199], "cash_y": [10000.0, 10000.0, 10000.0, 10253.38677874691, 8622.01906908595, 9261.952909934944, 9619.525715386497, 10288.478669083734, 11278.345324698475, 11279.189114755121, 10445.08756035622, 9440.02567743633, 10112.175419502144, 10506.029676093376, 11176.834443509792, 10563.692008572238, 10922.800052429951, 11182.89442326605, 10853.575225125098, 10679.039953783402, 10689.310907347219, 10297.864589684883, 9623.114156262578, 9556.742605568552, 9053.620219797018, 9067.918948585937, 8832.040722808457, 8949.688727256558, 9187.747434523746, 8978.548279523122, 9013.769576958235, 9006.427758511032, 9104.564312955943, 9142.536789543989, 9129.985254114868, 9146.980979978543, 9034.766310752308, 9615.217168705745, 9300.171169115043, 9216.819817399753, 9364.850626884998, 9496.470911001936, 9552.53326619237, 9532.618981779588, 9697.958272329619, 9920.680664622205, 9845.284044205777, 9813.863969154349, 9681.52156097529, 9888.300055020267, 9755.276813913024, 9832.13959707964, 10131.690832304628, 10011.349110540401, 9866.164705814283, 9959.291271856177, 9876.38231932226, 9973.807462940356, 9893.201832837634, 9737.627353840784, 9709.183578285825, 9768.031787679241, 10041.26707199157, 9946.164916692043, 9958.282202636383, 10399.174053383591, 10448.704861215185, 10510.810219806794, 10479.230096980928, 10440.963564756237, 10063.729539389124, 9769.280250990503, 9810.790905477335, 9729.569419948266, 9592.516977780382, 9546.478922199205, 9444.105348191315, 9345.864788613133, 9492.606611657551, 9610.863190147225, 9761.99974930792, 9888.5345599544, 9899.440736748382, 9876.62736863325, 10041.344020379225, 10249.002604692627, 10118.389459253038, 10182.514102978173, 9896.544766377536, 9920.520094896612, 9992.421801244962, 10026.565275617406, 9993.000425364504, 10022.253828227704, 9886.114815930152, 9843.349823555525, 9875.066506533372, 10002.987471394048, 9990.197710933864, 9666.684306117724, 9692.565277019603, 9726.203810628782, 9761.78044296994, 9938.620023793026, 9960.037855684843, 10000.314680324931, 10041.542760998444, 10081.182788704262, 9922.51279720201, 9933.539260982765, 10021.206927894022, 10280.094574289074, 10274.828597849906, 10306.790052606655, 10337.106749357117, 10369.187612231808, 10334.163424871975, 10321.610117765129, 10502.146444114125, 10360.202300938483, 10519.641266967521, 10538.635300909134, 10399.719343270632, 10418.86090256057, 10420.729899575073, 10456.584683276964, 10482.003787320848, 10302.83419112472, 10317.796390414966, 10332.647856317866, 10540.724713143905, 10541.275350265221, 10419.754630314115, 10429.09642267947, 10406.081995397193, 10423.997683624873, 10518.983480394652, 10528.052236592024, 10432.507498145469, 10480.402371058486, 10494.239013069433, 10518.335014028486, 10518.178620410696, 10564.18475750027, 10572.439870690238, 10593.744330972977, 10565.105996806959, 10629.504614362837, 10637.478197129616, 10388.174754908456, 10204.46196421817, 10197.810005930458, 10205.78841986316, 10213.127772354152, 10216.368878378986, 10216.256135813741, 10218.704515341347, 10229.360921318641, 10230.126161379465, 10238.502709392784, 10233.440140657998, 10244.655937840334, 10251.521913670915, 10259.67084169105, 10268.292908480367, 10278.295682342921, 10049.168334172608, 10038.380943074533, 10045.014049948526, 9997.95966506111, 10000.36326239516, 9950.33119256898, 9956.907679624426, 9446.377126388425, 9440.276710438531, 9448.46657984286, 9455.886201259122, 9498.839325568686, 9333.21431624182, 9120.092648268954, 9112.108117329604, 8976.683683177445, 8980.436442262862, 8978.775980277629, 9001.699609112884, 9011.740941269074, 9019.304429958755, 8986.631230387871, 8989.181022925555, 8991.486206714524, 8981.994961622238, 8984.887751659242, 8985.916924875597, 9012.783028566804, 9006.186846352846, 9009.32248759541, 9013.63041251319, 9018.8621585124, 9020.188930760696]}