{"period_x": [1, 2, 3, 4, 5, 6, 7, 8, 9, 10, 11, 12, 13, 14, 15, 16, 17, 18, 19, 20, 21, 22, 23, 24, 25, 26, 27, 28, 29, 30, 31, 32, 33, 34, 35, 36, 37, 38, 39, 40, 41, 42, 43, 44, 45, 46, 47, 48, 49, 50, 51, 52, 53, 54, 55, 56, 57, 58, 59, 60, 61, 62, 63, 64, 65, 66, 67, 68, 69, 70, 71, 72, 73, 74, 75, 76, 77, 78, 79, 80, 81, 82, 83, 84, 85, 86, 87, 88, 89, 90, 91, 92, 93, 94, 95, 96, 97, 98, 99, 100, 101, 102, 103, 104, 105, 106, 107, 108, 109, 110, 111, 112, 113, 114, 115, 116, 117, 118, 119, 120, 121, 122, 123, 124, 125, 126, 127, 128, 129, 130, 131, 132, 133, 134, 135, 136, 137, 138, 139, 140, 141, 142, 143, 144, 145, 146, 147, 148, 149, 150, 151, 152, 153, 154, 155, 156, 157, 158, 159, 160, 161, 162, 163, 164, 165, 166, 167, 168, 169, 170, 171, 172, 173, 174, 175, 176, 177, 178, 179, 180, 181, 182, 183, 184, 185, 186, 187, 188, 189, 190, 191, 192, 193, 194, 195, 196, 197, 198, 199], "cash_y": [10000.0, 10000.0, 10000.0, 8925.043835734223, 8486.43401255033, 8837.903933682739, 9038.97598648314, 8977.258444239578, 8603.90399209928, 8609.02238326574, 9048.628188015626, 9012.698737033204, 8938.0532012693, 8891.534265603836, 8866.737718851404, 9182.274482578932, 9308.041737954907, 9129.285218285539, 9493.107174594363, 9667.6670512214, 9549.1779413951, 9362.359783675529, 9338.033671864487, 9175.268465751054, 9270.81162673875, 9288.690331047035, 9350.748051792218, 9501.907893540834, 9368.422599046486, 9551.107734785017, 9810.121642836935, 9802.09358470538, 9908.28058124187, 10016.313526921258, 10042.044083331926, 10053.46624784409, 10079.62978082029, 9947.221510982312, 9781.334907991164, 9905.684286637485, 10112.577828211435, 10132.197869268408, 10060.76208083553, 10018.076174428088, 10103.240241488124, 10174.40546137897, 10160.7349261532, 10204.065745698283, 10204.782757701669, 10160.225076745262, 10261.88169530672, 10488.20154188163, 10344.071235347052, 10257.816109379412, 10235.962576140886, 10317.082069385739, 10192.661616765792, 10105.092698062723, 10086.992660719021, 10123.131900622517, 9929.708942690091, 10046.910073100591, 10088.440467589857, 10089.8247075701, 9998.557521278206, 10030.276286001812, 9995.170725427943, 10018.957306339451, 9974.251760384857, 9964.126813411569, 9942.178667607724, 9949.276562120616, 9970.313535958896, 10041.465095576386, 10114.649370532363, 10017.76171400645, 10130.918262887326, 10134.499392632617, 10196.11909994935, 10198.464235571633, 10304.089672300111, 10243.277818210716, 10275.991362806277, 10295.30257370501, 10084.227552820517, 10095.497597190642, 10036.876697835914, 10008.338734162424, 9954.399640175181, 9938.693105642464, 9927.697569290287, 9873.773325375943, 9936.400475383742, 9905.607470457966, 10004.280920238616, 9880.527916615589, 9772.195320227169, 9750.923705862047, 9731.780628663326, 9756.56528187466, 9778.596136527862, 9789.174642431564, 9710.267363746667, 9817.922608812552, 9855.450520493569, 9870.37671919147, 9883.784076037487, 9913.526468157488, 9935.198966266767, 9947.406918036264, 9948.486019032576, 9872.663187904713, 9959.406127006854, 9969.818967670015, 9858.11469045198, 9864.335126526148, 9870.556784217517, 9845.031369765758, 9861.94082014947, 9861.20151566842, 9911.632132985827, 9919.731600816433, 9880.763597575624, 9884.720434168505, 9893.000661347933, 9902.704421030368, 9781.49727421237, 9831.095107924202, 9847.43040988197, 9844.310026478151, 9854.754480783566, 9883.74429997149, 9895.602132322147, 9930.902173007325, 9926.889893962445, 9892.884603081737, 9894.230783795198, 9899.968982602439, 9892.223797821885, 9898.012636714015, 9903.593139466006, 9818.137571818785, 9825.509514893363, 9828.883371240448, 9830.419085202002, 9822.61717795956, 9838.469350403215, 9859.472558622794, 9944.021573181151, 9823.20520456477, 9824.61847545076, 9801.71336452361, 9708.596419141459, 9714.29462005558, 9718.092667114524, 9727.436709905603, 9742.232478392734, 9756.899305456398, 9667.103168971937, 9673.792828799329, 9703.710655459989, 9699.928938085402, 9706.268851606701, 9713.5590566869, 9713.696639098349, 9677.637857144926, 9683.750032342645, 9689.89805671078, 9697.391832067531, 9682.237792618576, 9696.86824519741, 9700.096884822484, 9528.61504589529, 9533.481855745635, 9546.618787003546, 9552.26690053566, 9558.636455192955, 9564.165142995013, 9631.34013230867, 9636.122098475276, 9582.307709040997, 9585.744745007163, 9589.284277796498, 9591.050270875377, 9532.26604100087, 9545.570741575579, 9547.915029523896, 9553.103285356954, 9556.294627317508, 9570.02039197694, 9573.85281635811, 9578.457660500879, 9477.474460236888, 9480.749244709237, 9485.996985540874, 9377.085756702305, 9413.90969613467, 9418.341032359289, 9422.441946535917]}