{"period_x": [1, 2, 3, 4, 5, 6, 7, 8, 9, 10, 11, 12, 13, 14, 15, 16, 17, 18, 19, 20, 21, 22, 23, 24, 25, 26, 27, 28, 29, 30, 31, 32, 33, 34, 35, 36, 37, 38, 39, 40, 41, 42, 43, 44, 45, 46, 47, 48, 49, 50, 51, 52, 53, 54, 55, 56, 57, 58, 59, 60, 61, 62, 63, 64, 65, 66, 67, 68, 69, 70, 71, 72, 73, 74, 75, 76, 77, 78, 79, 80, 81, 82, 83, 84, 85, 86, 87, 88, 89, 90, 91, 92, 93, 94, 95, 96, 97, 98, 99, 100, 101, 102, 103, 104, 105, 106, 107, 108, 109, 110, 111, 112, 113, 114, 115, 116, 117, 118, 119, 120, 121, 122, 123, 124, 125, 126, 127, 128, 129, 130, 131, 132, 133, 134, 135, 136, 137, 138, 139, 140, 141, 142, 143, 144, 145, 146, 147, 148, 149, 150, 151, 152, 153, 154, 155, 156, 157, 158, 159, 160, 161, 162, 163, 164, 165, 166, 167, 168, 169, 170, 171, 172, 173, 174, 175, 176, 177, 178, 179, 180, 181, 182, 183, 184, 185, 186, 187, 188, 189, 190, 191, 192, 193, 194, 195, 196, 197, 198, 199], "cash_y": [10000.0, 10000.0, 10000.0, 10000.0, 10000.0, 10000.0, 10000.0, 6033.305521703777, 4168.759701900801, 724.4984530078585, -68065.73024831737, -63155.3355872836, -68649.58088689687, -66911.95047184039, -62488.4293823997, -68464.91198140818, -68231.12174929067, -65282.89411020416, -52295.84977329812, -64969.09759475589, -65575.36348226896, -66798.33795642034, -50856.034386922736, -65717.54430679412, -65818.50141862081, -49227.05859841844, -63387.52896734383, -62466.99115933495, -68758.48012601818, -67868.0871849571, -67941.38073859339, -67918.63479378582, -68321.07553393548, -68054.18998544333, -68478.59243718126, -68531.07260006304, -68288.31131324099, -65329.50991031577, -65958.01165346356, -68201.21475494947, -68484.20045656092, -72486.74451216462, -72157.37262554037, -71779.61196215037, -71240.61319328501, -71187.52713315061, -71933.43694951995, -64982.657335787, -64501.583278995924, -71235.87038133443, -71972.59898054379, -72462.7873283925, -71908.9628422148, -72426.99410371386, -72291.88972742358, -72352.29415195859, -72196.06007605183, -72040.47433146325, -72229.7658867695, -72105.74353880933, -73286.04488032268, -73051.70687569813, -72731.4243593402, -72484.84042375619, -72103.09595498096, -71771.95634356179, -71491.4997835426, -69464.41753284917, -68575.12505432988, -68310.94327923059, -68582.51133829476, -67699.95486713109, -68475.9185472049, -64705.52387321917, -67930.66230613131, -65060.822073511066, -64753.87278194301, -65475.20215601004, -65035.61495195672, -64696.50240091145, -43619.384416353314, -41448.81988598008, -42227.79593563381, -40951.172649242915, -42864.437777212814, -43972.417785117104, -40435.80017789431, -44460.93840927361, -44315.34930213588, -44077.928322499174, -44590.89698887688, -43994.17604674665, -43995.18539886344, -45239.27338235459, -44989.2411524514, -44734.102900896396, -44397.140149453335, -44003.81199827729, -67773.43581991602, -67721.9793925505, -67756.65749316337, -67711.5098783375, -67370.35634982896, -64920.14514276738, -64785.548116886515, -40711.59730617787, -40595.1030162549, -40398.00323650772, -39913.361026733946, 20344.38718924364, 25281.65641968976, 27898.242851189603, 19733.812771385867, -49386.73620608428, -49319.506265580705, -49184.51376252808, -49107.99747679428, -48778.423673673235, -48711.208411381594, -48731.30076932673, -49043.29943195852, -49274.21166298, -48526.981613497905, -48971.33049016063, -49953.32977107844, -50001.14384115122, -49925.765321266605, -50070.586654518585, -50031.410377922104, -50096.01165436678, -50152.284931046655, -50009.3991660336, -49796.81649106518, -49722.19352471453, -49582.47236643577, -49278.98740064603, -61059.82122326035, -71440.52018766881, -71673.55718449618, -71621.29763038922, -71425.8881831735, -71292.03525005897, -71285.52377336676, -71061.95589219121, -71103.92036941047, -71097.89450926821, -71434.26295585385, -71469.40303311628, -71511.57567076344, -71555.14457059509, -71750.38569012025, -71685.0760663226, -71620.5296505426, -71518.39682045554, -71457.57281547374, -71110.63371252047, -71050.57748130462, -71008.06668986056, -70950.58162570267, -70896.6199257918, -70845.0600294582, -70793.14802495758, -70739.99045326673, -70687.42816266183, -70624.42339462964, -70575.86616558803, -70521.38526416983, -70463.15841012813, -70413.71806001461, -70365.69496691207, -70318.98504131092, -70276.54743906923, -70242.603167622, -70193.81462157231, -70228.32179334963, -70176.90933610167, -70116.57210673224, -70058.23303590047, -70003.51684180269, -69922.46426174232, -69871.43701578291, -69811.22941684694, -69747.81930643294, -69836.49225414953, -69766.52827115939, -69708.67338611209, -69649.07238195112, -69597.42925606598, -69552.28527329538, -69511.8836531882, -69451.86425626106, -69376.47819051612, -69303.92678654409, -69229.8226156921, -69163.88746285721, -69099.16678319794, -69020.92676249085, -48783.87170400413, -70043.61963647798]}