{"period_x": [1, 2, 3, 4, 5, 6, 7, 8, 9, 10, 11, 12, 13, 14, 15, 16, 17, 18, 19, 20, 21, 22, 23, 24, 25, 26, 27, 28, 29, 30, 31, 32, 33, 34, 35, 36, 37, 38, 39, 40, 41, 42, 43, 44, 45, 46, 47, 48, 49, 50, 51, 52, 53, 54, 55, 56, 57, 58, 59, 60, 61, 62, 63, 64, 65, 66, 67, 68, 69, 70, 71, 72, 73, 74, 75, 76, 77, 78, 79, 80, 81, 82, 83, 84, 85, 86, 87, 88, 89, 90, 91, 92, 93, 94, 95, 96, 97, 98, 99, 100, 101, 102, 103, 104, 105, 106, 107, 108, 109, 110, 111, 112, 113, 114, 115, 116, 117, 118, 119, 120, 121, 122, 123, 124, 125, 126, 127, 128, 129, 130, 131, 132, 133, 134, 135, 136, 137, 138, 139, 140, 141, 142, 143, 144, 145, 146, 147, 148, 149, 150, 151, 152, 153, 154, 155, 156, 157, 158, 159, 160, 161, 162, 163, 164, 165, 166, 167, 168, 169, 170, 171, 172, 173, 174, 175, 176, 177, 178, 179, 180, 181, 182, 183, 184, 185, 186, 187, 188, 189, 190, 191, 192, 193, 194, 195, 196, 197, 198, 199], "cash_y": [10000.0, 10000.0, 10000.0, 10000.0, 10000.0, 10000.0, 10000.0, 10122.758940135642, 10263.318993161492, 10492.665516111465, 10548.339453505472, 10190.918164639936, 11178.027036586425, 11423.034309779932, 11628.743640627772, 10885.242480411034, 10750.820192685162, 10529.30453529038, 10483.980382773927, 10452.536966090674, 10585.3789021883, 10369.23261290795, 10245.799417487444, 10494.239835822129, 10620.006847071594, 10858.340864741938, 10159.489505422856, 9682.36179238947, 9517.48531545142, 9536.712992893039, 9409.639200305834, 9457.802118356274, 9477.299407907158, 10221.879271936616, 10284.418303254439, 10180.69923358399, 10118.190848414817, 10060.146761048405, 9685.658335339496, 9978.086414566067, 9567.78556916189, 9350.85495348437, 9561.200127896209, 9585.154885365013, 9460.798552561915, 9455.54441548714, 9512.46685150901, 9469.73368583556, 9374.752722315037, 10108.96866589692, 10231.43874202688, 10462.194591861122, 10153.714776023498, 10455.917666931115, 10240.31258078484, 10252.207524495301, 10352.692786768794, 10389.482985061359, 10245.197162441282, 10385.60551963072, 10410.009689016735, 10651.846444693812, 10813.420706034933, 10957.583926167663, 10752.01958499177, 11085.931263800769, 11122.993475300551, 11138.394248620918, 11142.45559187686, 11074.332581519895, 10695.575826320915, 10549.454366267586, 10601.37532162475, 10620.613890944482, 10292.503038162431, 10305.529663062287, 10594.125501545395, 10595.87737447274, 10500.824498329492, 10531.838592668299, 10655.182782485317, 10629.665611074915, 10862.023700772797, 10941.085128645096, 11118.934019730119, 11242.531794877048, 11286.601698425866, 11201.62082751271, 10887.565489028033, 10853.995722082522, 10744.114902803181, 10802.039660222219, 10818.951222839934, 10823.126836836467, 10306.521478446391, 10320.449576935056, 10327.833091460581, 10341.091953807068, 10415.681915948468, 10090.64490134466, 10110.794676956239, 10129.681991420779, 10145.866329352279, 10462.513178174513, 10476.189456092126, 10484.36710062014, 10632.28410333588, 10641.556541758959, 10575.987504561266, 10584.208024161655, 10569.229038986157, 10745.384487943853, 10760.156063687113, 10667.619838248753, 10676.205614226395, 10687.533849119569, 10709.856082829208, 10721.089249821576, 10624.662900301717, 10358.036379017043, 10362.22827802547, 10298.090091724564, 10366.780788492693, 10376.007333420648, 10375.012384305888, 10358.93343933377, 10367.43508984618, 10325.750594277979, 10331.144581027005, 10337.24194206522, 10344.79879115839, 10350.838500346475, 10358.279229027215, 10364.175777000979, 10679.443294739269, 10693.27084039697, 10682.079328404436, 10519.492764407982, 10509.618222580344, 10514.108851530038, 10518.69363083715, 10525.048731330335, 10534.362301365507, 10583.053276211664, 10597.691176635763, 10611.541387060855, 10508.010971970285, 10424.495414491217, 10434.000709141443, 10407.498381630488, 10415.823876182028, 9975.296372306555, 9976.559200408896, 9986.536517069771, 9977.853969183934, 10082.570992812543, 10087.74364012054, 9660.404211215291, 9760.727296266667, 9664.750305411404, 9667.647516831446, 10563.193867739736, 10666.68912559829, 10723.528770451969, 10724.343939608252, 9841.610200301357, 9844.408628368601, 9847.186295093756, 9947.878300061739, 9940.62200099319, 9800.714470931996, 10447.438440480271, 10504.488695820484, 10122.617378177563, 10131.382294433703, 10555.941568832788, 10132.121543754425, 10149.354425863636, 10158.299301043668, 10173.690555818559, 10189.44879427323, 9986.153234604786, 10002.075104617914, 10016.354867893793, 10032.986933303137, 10046.538223596423, 10058.76387544316, 10068.803364823518, 9642.47070793217, 9644.766705281338, 9647.098017001113, 9649.028763051916, 9651.271768004292, 9653.166292628532, 9654.902331003641, 9656.521661210023, 9658.638441240799, 9661.129468269339, 9659.46409114991]}