{"period_x": [1, 2, 3, 4, 5, 6, 7, 8, 9, 10, 11, 12, 13, 14, 15, 16, 17, 18, 19, 20, 21, 22, 23, 24, 25, 26, 27, 28, 29, 30, 31, 32, 33, 34, 35, 36, 37, 38, 39, 40, 41, 42, 43, 44, 45, 46, 47, 48, 49, 50, 51, 52, 53, 54, 55, 56, 57, 58, 59, 60, 61, 62, 63, 64, 65, 66, 67, 68, 69, 70, 71, 72, 73, 74, 75, 76, 77, 78, 79, 80, 81, 82, 83, 84, 85, 86, 87, 88, 89, 90, 91, 92, 93, 94, 95, 96, 97, 98, 99, 100, 101, 102, 103, 104, 105, 106, 107, 108, 109, 110, 111, 112, 113, 114, 115, 116, 117, 118, 119, 120, 121, 122, 123, 124, 125, 126, 127, 128, 129, 130, 131, 132, 133, 134, 135, 136, 137, 138, 139, 140, 141, 142, 143, 144, 145, 146, 147, 148, 149, 150, 151, 152, 153, 154, 155, 156, 157, 158, 159, 160, 161, 162, 163, 164, 165, 166, 167, 168, 169, 170, 171, 172, 173, 174, 175, 176, 177, 178, 179, 180, 181, 182, 183, 184, 185, 186, 187, 188, 189, 190, 191, 192, 193, 194, 195, 196, 197, 198, 199], "cash_y": [10000.0, 10000.0, 10000.0, 10000.0, 10000.0, 10000.0, 10000.0, 10176.722676302817, 9966.233509870035, 9703.455818348102, 9759.918009634015, 9529.37799177254, 9750.577079975437, 9833.319903633706, 9913.94157506512, 10009.180232548963, 9957.202408338686, 9741.8044068748, 9555.395092263449, 9531.26668133287, 9603.152914969214, 9598.433496978243, 9737.178365049345, 9614.123520904555, 9671.254612543486, 9783.307592654179, 9930.02776662297, 9916.562973058284, 10021.87663074968, 9853.28350132147, 9837.431019839529, 10033.694754409982, 9749.70004195167, 9704.072471479649, 9641.072679198114, 9638.731648665062, 9780.120001948442, 9640.456118110249, 9720.90525615698, 9747.395402969378, 9809.703503511024, 9941.164188761153, 9952.739102953456, 9928.028062564375, 9978.80626742528, 10070.71022214485, 10205.264733145388, 10231.459375066344, 10247.090349040336, 10191.138975855618, 10425.908741247295, 10435.658182490934, 10257.542557194189, 10049.72449102944, 10017.509399472108, 10293.839462005588, 10319.498088253977, 10262.827252608804, 10282.825167166506, 10276.128461038703, 10261.913466438567, 9945.41684607804, 10006.311006946664, 10005.559089102408, 9926.094617253975, 9950.40808308481, 9973.76654003822, 10034.429292351693, 10098.535226527616, 10155.767985416162, 10145.642611944242, 10162.36205899052, 10179.533701395438, 10230.9284034131, 10253.510048839402, 10335.249243564735, 10229.219423734266, 10294.98506166844, 10184.526477639514, 10274.974785392917, 10221.595465864873, 10207.284912723828, 10188.86662599597, 10204.919524414408, 10125.877041171821, 10066.605680572617, 10158.07632033823, 10049.197741511085, 9971.590222683948, 9991.173481374131, 10007.518161964186, 9926.773701941296, 10148.164807293826, 10063.746523691445, 10073.194251697783, 10027.515252453974, 10090.848395296009, 10042.170595061572, 10074.035308565744, 10093.882027509364, 10103.293410887025, 10193.337080083056, 10090.421095530757, 10179.028039368999, 10180.343011660621, 10169.177150311503, 10177.060664235802, 10185.085454275853, 10186.830549262393, 10193.1709468443, 10236.153136396963, 10243.87705596493, 10305.957063235464, 10311.734981690139, 10279.839186616775, 10326.993185734387, 10259.831658862418, 10267.164206283847, 10267.19835009627, 10381.190935523558, 10413.416067763223, 10420.529577262882, 10350.521124628085, 10353.257977933039, 10359.472180643521, 10365.045167482504, 10238.527628339389, 10329.099504539325, 10333.973506233808, 10259.20763968439, 10264.331812394234, 10212.973286976356, 10212.030289335078, 10215.815208531723, 10218.97481209592, 10222.005039617829, 10279.10513343753, 10280.735091503762, 10272.281128627788, 10273.25507210771, 10278.458608263167, 10262.789145580498, 10197.327187127341, 10171.3333984753, 10167.558862298298, 10154.646245925807, 10158.069925920763, 10148.864387407022, 10182.360795049957, 10188.078291657866, 10186.351416309191, 10193.557515975617, 10199.73312873939, 10205.760022507531, 10212.273400691844, 10218.756037771866, 10224.196431675644, 10227.419348954838, 10164.401617293839, 10269.584042876539, 10272.697985999837, 10246.815390843089, 10251.014212267683, 10196.940043067532, 10200.183999845261, 10159.84680015355, 10161.308212147407, 10162.865159809062, 10122.250897272033, 10124.87767194195, 10127.146417446365, 10162.638590751665, 9779.75129933907, 10110.511709798438, 10112.461882730513, 10186.544287090956, 10188.743397771384, 10191.364695429924, 10194.019627637274, 9799.085891982242, 9800.397092553227, 9802.083430859917, 9804.07511556159, 9805.66557987711, 9807.577532590538, 9808.827118949235, 9810.691518008958, 9812.35980645909, 9813.954473202479, 9815.674791233947, 9817.473266889316, 9819.342440438473, 9787.726571923418, 9788.033318731072, 9790.13285097033, 9785.86551431002, 9787.235837854143, 9788.65137023144, 9797.842491939735]}