{"period_x": [1, 2, 3, 4, 5, 6, 7, 8, 9, 10, 11, 12, 13, 14, 15, 16, 17, 18, 19, 20, 21, 22, 23, 24, 25, 26, 27, 28, 29, 30, 31, 32, 33, 34, 35, 36, 37, 38, 39, 40, 41, 42, 43, 44, 45, 46, 47, 48, 49, 50, 51, 52, 53, 54, 55, 56, 57, 58, 59, 60, 61, 62, 63, 64, 65, 66, 67, 68, 69, 70, 71, 72, 73, 74, 75, 76, 77, 78, 79, 80, 81, 82, 83, 84, 85, 86, 87, 88, 89, 90, 91, 92, 93, 94, 95, 96, 97, 98, 99, 100, 101, 102, 103, 104, 105, 106, 107, 108, 109, 110, 111, 112, 113, 114, 115, 116, 117, 118, 119, 120, 121, 122, 123, 124, 125, 126, 127, 128, 129, 130, 131, 132, 133, 134, 135, 136, 137, 138, 139, 140, 141, 142, 143, 144, 145, 146, 147, 148, 149, 150, 151, 152, 153, 154, 155, 156, 157, 158, 159, 160, 161, 162, 163, 164, 165, 166, 167, 168, 169, 170, 171, 172, 173, 174, 175, 176, 177, 178, 179, 180, 181, 182, 183, 184, 185, 186, 187, 188, 189, 190, 191, 192, 193, 194, 195, 196, 197, 198, 199], "cash_y": [10000.0, 10000.0, 10000.0, 10000.0, 10000.0, 10000.0, 10000.0, 10000.0, 10000.0, 10000.0, 10000.0, 5472.336465586657, 6497.444045077746, 5731.676141975496, 413.2919641299591, -12188.166904195896, -67574.19585965731, 23046.348128149955, 18261.73086854449, 25417.466468015744, 32304.268515481188, 29614.847414222488, 27659.078257984424, 35091.241201008284, 39822.068147471706, 47099.25690787168, 45876.74748299391, 53514.80043799546, 55133.11983294972, 56840.99166603025, -69239.61484226951, -69315.98346173012, -68543.77359965004, -68144.81334927861, -68779.5524810887, -68641.34404118916, -68375.92081192537, -65496.75023902404, -64926.95687064996, -65056.62028678852, -63050.528848305374, -63102.627326474714, -68231.48803219655, -71162.40678068316, -68156.45995917337, -70841.98123339473, -71678.94670402684, -68328.88001657605, -71919.56135420813, -71616.11320210021, -71608.94230635688, -71529.32063055181, -71972.90093599306, -71226.8996510493, -72085.00511226797, -71632.10883813027, -73181.009656576, -73083.95541415768, -72923.66005685957, -72761.18475065148, -72705.03646208825, -72251.71994138461, -71474.3663634954, -71882.8921321265, -69778.94099953547, -69560.82631697269, -68879.72967150381, -68827.8926555053, -68276.0842465562, -67959.35728332149, -44271.000939388185, -43930.88628286398, -43350.9731226948, -44107.190651968216, -44181.76884217139, -43936.43353856004, -42771.01536923057, -42402.06139996899, -42821.45302388907, -43966.40694451924, -43991.24808552918, -41386.71565173757, -41202.6536165878, -40843.47624968591, -40243.93349817123, -39995.97811446345, -39653.290993551745, -64361.449777016926, -64375.62855644217, -64286.76032242046, -64285.29803526079, -64070.50213021992, -42378.485550987454, -44428.994270884636, -42569.979571773176, -42540.791826492525, -42459.024823467844, -40827.92737618673, -44242.9984000712, -43956.91454870393, -43855.06441094587, -43732.60216738531, -43901.3699467373, -43066.830612072656, -42936.38442416872, -42535.99170806245, -41633.42612231556, -42762.44827559178, -42342.785754984885, -42120.92534093799, -41990.84908539277, -41836.75051363898, -43545.96085684099, -44925.54652614738, -44751.39752185896, -44690.882577786084, -44701.241750078414, -44379.78705751469, -44125.73061004143, -44075.28534477127, -43821.187076905866, -43727.56730244493, -43627.04286891146, -44093.46652727644, -44245.090636324254, -44748.10788178596, -44732.08033202963, -44840.19156645521, -44815.40887134037, -43191.67176301746, -43275.01655623955, -43891.24769891783, -43811.25066811096, -43797.941831938195, -43656.009104391924, -43637.138624397965, -44425.57061826358, -44393.18979609861, -69053.77432246078, -69587.1800680155, -69671.41027704897, -69667.5457421191, -69711.82457446378, -70852.8048968247, -70719.89902252644, -70713.58258512945, -71295.03996386679, -71227.86717701059, -71156.38449887656, -71093.54079501198, -71029.4282275462, -70963.89273208944, -70900.13988656801, -70826.82869760279, -70767.63354031433, -70708.96093183222, -70649.40512621649, -70608.1530640846, -70545.87140367297, -70493.62546770075, -70451.15007307558, -70399.97980593868, -70345.18427683222, -70295.63285676889, -70245.64580725948, -70190.95381762594, -69856.80655772238, -69799.26603382043, -69751.39916550866, -69704.91911970625, -69659.54558641522, -69624.94526407176, -69584.52093150171, -69535.03595500329, -69488.87922044043, -69438.81888319521, -69377.8598467383, -69318.23346643224, -69498.44672817532, -69403.13108965519, -69355.17037386763, -69300.58082652687, -69247.64022394935, -69342.85350016944, -69272.11036480634, -69216.6509156899, -69141.2948885877, -69079.227016285, -69028.79397825466, -68987.45672652777, -68936.83482386394, -70153.87291021078, -70141.45525095006, -69880.05205334006, -69911.80706081075, -69793.66335383676, -69737.34399654504, -69611.2221517658, -69536.65815986705]}