{"period_x": [1, 2, 3, 4, 5, 6, 7, 8, 9, 10, 11, 12, 13, 14, 15, 16, 17, 18, 19, 20, 21, 22, 23, 24, 25, 26, 27, 28, 29, 30, 31, 32, 33, 34, 35, 36, 37, 38, 39, 40, 41, 42, 43, 44, 45, 46, 47, 48, 49, 50, 51, 52, 53, 54, 55, 56, 57, 58, 59, 60, 61, 62, 63, 64, 65, 66, 67, 68, 69, 70, 71, 72, 73, 74, 75, 76, 77, 78, 79, 80, 81, 82, 83, 84, 85, 86, 87, 88, 89, 90, 91, 92, 93, 94, 95, 96, 97, 98, 99, 100, 101, 102, 103, 104, 105, 106, 107, 108, 109, 110, 111, 112, 113, 114, 115, 116, 117, 118, 119, 120, 121, 122, 123, 124, 125, 126, 127, 128, 129, 130, 131, 132, 133, 134, 135, 136, 137, 138, 139, 140, 141, 142, 143, 144, 145, 146, 147, 148, 149, 150, 151, 152, 153, 154, 155, 156, 157, 158, 159, 160, 161, 162, 163, 164, 165, 166, 167, 168, 169, 170, 171, 172, 173, 174, 175, 176, 177, 178, 179, 180, 181, 182, 183, 184, 185, 186, 187, 188, 189, 190, 191, 192, 193, 194, 195, 196, 197, 198, 199], "cash_y": [10000.0, 10000.0, 10000.0, 10000.0, 10000.0, 10000.0, 10000.0, 10000.0, 10000.0, 10000.0, 10137.45341090743, 10318.775429996856, 10105.242014733374, 10201.66849066828, 10139.302715709087, 10155.036237943488, 9850.939097570159, 10009.845014637693, 10121.57983905048, 10175.785555106931, 10069.092351489628, 10216.199726998555, 10312.581767528756, 10288.679939390699, 10210.813451136886, 10339.72311708241, 10081.642422551733, 10111.035216825534, 10036.388521051103, 10195.613962853968, 9850.550514986162, 10031.969647848518, 9865.862287910059, 9827.035646058228, 10204.613176319705, 10395.84629180208, 10645.546593106214, 10591.780472026436, 10665.918306681371, 10765.549291652795, 10583.033648625234, 10590.264106456922, 10189.5757105222, 10252.835560763942, 9992.706258715101, 10005.818496247877, 10194.877543020022, 10115.604738232265, 10182.048058143899, 10266.264156737838, 10298.49418859146, 10307.310486703218, 10430.469684605801, 10440.16813411594, 10461.676769484242, 10652.503140940182, 10883.694919856694, 10540.160989715625, 10565.15054158839, 10457.079106315752, 10307.701462355344, 10349.16411416096, 10369.606600203904, 10386.62334759633, 10227.925945991932, 10344.3164768781, 10351.264994648593, 10333.432413465498, 10433.878006339193, 10544.99820550784, 10562.542445960607, 10480.090637796451, 10571.465591961403, 10841.75865453457, 10758.079299035815, 10772.169289851317, 10633.169451225735, 10652.441097079447, 10712.52786229364, 10716.872010586754, 10755.906356962038, 10732.935525569195, 10734.042018038148, 10743.12147205311, 10753.686445220852, 10570.367914686125, 10576.884372272714, 10596.10825277978, 10194.545947217965, 10383.217933006556, 10515.020680398977, 10344.7296490744, 10343.594170415337, 10293.83955265229, 10465.745038101508, 10482.28843014006, 10482.486281124966, 10312.896261581722, 10316.166966504816, 9932.8685250918, 9943.070215493866, 9947.015314711054, 9951.597210914626, 10182.32420201992, 10186.309669292044, 10191.27261765179, 10202.808818666945, 10204.363944551966, 10206.338272608713, 10208.150423554946, 10610.256130647367, 10612.314224916227, 10222.047049625555, 10223.957179433752, 10226.39264532753, 10228.126603051107, 10230.90927053205, 10234.5343810691, 10240.143517964001, 10243.484903503326, 10247.957997712952, 10251.443927591417, 10626.402368036392, 10625.235134511737, 10626.176866355152, 10626.259634734743, 10625.231491404902, 10624.49957995056, 10623.532081725873, 10608.60897126183, 10608.171126483849, 10607.81310411081, 10607.58624868247, 10607.399242564708, 10607.939948248233, 10608.228795999912, 10608.38506917786, 10248.189203370515, 10236.111602981993, 10235.798499751882, 10235.56609968984, 10235.453140673495, 10317.643068737223, 10318.323171888767, 10320.434504496003, 10323.283990455371, 10325.894446280125, 10317.61271697799, 10320.364796085565, 10306.352305074348, 10319.248282310631, 10321.602433656108, 10324.947331384637, 10698.386921245996, 10699.304329477867, 10699.331541138441, 10699.779273085294, 10701.267136833721, 10691.833246364893, 10703.424902907242, 10346.467399197942, 10346.336837049435, 10336.42315634335, 10337.741887625007, 10338.264835711381, 10338.748284180998, 10341.042779534935, 10343.68052015231, 10340.594389667833, 10347.215436766497, 10352.9079055096, 10360.221392625408, 10369.07277148345, 9990.645636318412, 9999.136514225309, 10019.46341175277, 9886.874619794233, 9801.526483273059, 9811.007327221594, 9823.200501567606, 9836.217079584403, 9319.73261263736, 9320.26869398907, 9320.73247826087, 9321.232432432429, 9321.533723255474, 9321.554514215113, 9321.593379702499, 9321.521369236241, 9321.574015295393, 9321.569486996346, 9404.507989438738, 9404.819427263763, 9405.05478494365, 9405.563002713825, 9548.234948630772, 9548.973649422887, 9417.76968626374, 9417.721776028833]}