{"period_x": [1, 2, 3, 4, 5, 6, 7, 8, 9, 10, 11, 12, 13, 14, 15, 16, 17, 18, 19, 20, 21, 22, 23, 24, 25, 26, 27, 28, 29, 30, 31, 32, 33, 34, 35, 36, 37, 38, 39, 40, 41, 42, 43, 44, 45, 46, 47, 48, 49, 50, 51, 52, 53, 54, 55, 56, 57, 58, 59, 60, 61, 62, 63, 64, 65, 66, 67, 68, 69, 70, 71, 72, 73, 74, 75, 76, 77, 78, 79, 80, 81, 82, 83, 84, 85, 86, 87, 88, 89, 90, 91, 92, 93, 94, 95, 96, 97, 98, 99, 100, 101, 102, 103, 104, 105, 106, 107, 108, 109, 110, 111, 112, 113, 114, 115, 116, 117, 118, 119, 120, 121, 122, 123, 124, 125, 126, 127, 128, 129, 130, 131, 132, 133, 134, 135, 136, 137, 138, 139, 140, 141, 142, 143, 144, 145, 146, 147, 148, 149, 150, 151, 152, 153, 154, 155, 156, 157, 158, 159, 160, 161, 162, 163, 164, 165, 166, 167, 168, 169, 170, 171, 172, 173, 174, 175, 176, 177, 178, 179, 180, 181, 182, 183, 184, 185, 186, 187, 188, 189, 190, 191, 192, 193, 194, 195, 196, 197, 198, 199], "cash_y": [10000.0, 10000.0, 10000.0, 10000.0, 10000.0, 10000.0, 10000.0, 10000.0, 10000.0, 10000.0, 10024.078881768512, 10047.28162625606, 10000.64591190857, 9889.276032495829, 9863.541692647532, 9865.269254070725, 9900.960058390458, 10029.978311159744, 10120.397272381166, 10097.09874459766, 9963.270966911326, 9995.623551168497, 9945.854526652904, 9858.442056161493, 9829.712777122471, 9950.349909861794, 9852.140184499509, 9960.31955235883, 9964.162458708468, 9900.611968386766, 9857.417825434868, 9885.298847772785, 9912.666437682681, 9936.192817214169, 9945.025186750814, 9941.826791804047, 9828.996528838163, 9972.237648652394, 9936.7098262, 9958.692700323516, 9878.328699471236, 9917.886963696525, 9933.192192091736, 10060.99591562628, 10022.224438990459, 10110.57937415353, 10148.03966751349, 10125.150632998613, 10195.411691754149, 10122.031286632482, 10063.879037875658, 10013.246120633268, 9962.412623017544, 9961.373840414839, 9958.56427448561, 9945.421882321714, 9932.542095777979, 9935.988305511743, 9948.43316291392, 9942.34091924557, 9945.514083624923, 9884.236743836818, 9935.334688526482, 9945.591238442446, 9926.194184820428, 10025.84228468531, 10252.178075219455, 10257.815165798082, 10304.962412555931, 10311.744713281461, 10363.396764737447, 10347.34498250348, 10303.916431580274, 10114.881645519868, 9964.287267617334, 10205.945027405674, 10202.323887393699, 10213.340270244913, 10176.22460812392, 10170.653398391501, 10170.41642047341, 10177.76154971187, 10193.10185021621, 10198.606093469285, 10202.243539856441, 10208.312533594937, 10110.38701894558, 10091.441600328144, 10039.986854490364, 10208.945789579915, 10219.174194653171, 10220.28585488003, 10220.966387689692, 10222.164710644885, 10060.573053929093, 10045.695994563865, 10051.30975953176, 10052.075633739067, 10054.269225372154, 10064.041982848148, 10068.786775704037, 10070.954666791218, 10073.382644301868, 10075.960982447188, 10091.445546264491, 10095.124693891523, 10098.862797821805, 10102.725031586135, 10104.042437022266, 10239.198216978746, 10080.296348400698, 10126.600091405817, 10064.545658365325, 10068.293782168612, 10033.96285891724, 10036.178783216612, 10036.923905171965, 10038.472996268156, 10042.204886524958, 10239.045547646418, 10243.178858223104, 10246.082703343282, 10249.665208978398, 10252.28560120831, 10256.156324239346, 10258.711608591864, 10352.266241369696, 10173.375715311488, 10175.15439867315, 10177.101478108409, 10179.576583850834, 10181.867376465003, 10184.15009243355, 10186.364120788066, 10188.084419613067, 10189.878450241273, 10191.966379308951, 10193.405257588845, 10195.493359825949, 10195.047345121047, 10197.21963716554, 10179.711742417576, 10181.686270684855, 10194.166885741015, 10206.280843103636, 10193.889580961368, 10196.97667692254, 10198.585154289289, 10109.136742806933, 10110.679238400662, 10109.973296502749, 10110.01837345179, 10111.368449188003, 10243.714979505394, 10120.88974861305, 10122.879514678634, 10124.71859352105, 10126.751605981377, 10128.564079861955, 10125.18312721238, 10128.47257878085, 10131.07607264919, 10134.144846319108, 10136.412723436279, 10239.636583054853, 10241.535425939846, 10243.103926924116, 10244.714414690276, 10246.497579798166, 10248.277727208242, 10249.542980225731, 10248.88184419603, 9722.166212702909, 9694.68502279877, 9697.089377242297, 9699.464049374888, 9701.785026616872, 9704.321535066683, 9706.889413400217, 9694.424555004618, 9711.69206296454, 9713.636889445124, 9715.756421026006, 9717.697594272251, 9719.53453574162, 9707.68510999962, 9711.039016766368, 9713.860569339031, 9718.038198229491, 9721.454075720589, 9723.11985471786, 9724.930336355455, 9692.930004362152, 9692.77357984813, 9694.826309326676, 9683.658511872702, 9688.154192009524, 9691.453847422528, 9706.217130506584]}